job_id,title,similarity_score,llm_explanation,job_description
https://www.linkedin.com/jobs/view/senior-product-manager-inventory-value-hybrid-seattle-at-nordstrom-4209880791?position=3&pageNum=0&refId=oroAKXbt6%2BIIN8Fzo6qIrg%3D%3D&trackingId=ltCF25gaaV94srbix%2BrZMQ%3D%3D,Senior Product Manager - Inventory Value (Hybrid - Seattle),0.62530124,"Here are three to four bullet points explaining why this job may be a potentially strong match for the candidate described in the resume:

• **Technical Acumen**: The job description mentions technical acumen as one of the key requirements, which aligns perfectly with the candidate's experience in AI/ML applications, predictive analytics, data visualization, API integration, and cloud infrastructure (Azure). Their proficiency in Microsoft Azure, Event Hubs, Snowflake, Databricks, and MongoDB would be highly valued in this role.

• **Product Management Experience**: The job requires a minimum of 3-5 years' experience in product management, technology, or e-commerce. The candidate has extensive experience as a Senior Product Manager in various industries, including public safety, healthcare, and packaging. Their ability to develop business plans, present to leadership, and influence business priorities would be an asset in this role.

• **Domain Expertise**: Although the job description doesn't explicitly mention the candidate's experience with ERP systems, their familiarity with system integrations, data flows, and processes supporting inventory management, financial reconciliation, and operational efficiency could be a valuable asset. Additionally, their experience working with data transformation and validation requirements to ensure seamless end-to-end functionality would align well with the job's requirements.

• **Analytical and Communication Skills**: The candidate has demonstrated strong analytical skills through their ability to define, measure, and analyze processes to identify improvement opportunities. Their communication proficiency is also highlighted in the resume, which is essential for building relationships cross-functionally and communicating effectively across all levels of the organizational hierarchy.","Job DescriptionSenior Product Manager – Inventory Value (Hybrid)The Senior Product Manager for Inventory Value is a key member of the Nordstrom Product Management team, which will spearhead initiatives for our Inventory ERP systems. In this role, you’ll lead the charge in delivering value through strategic product development, cross-functional collaboration, and a customer-centric approach. Product Management is responsible for making sure we build the right products and features for our customers and business. To accomplish that, product managers plan the product roadmap and prioritize the applicable technology backlog, lead product discovery, and measure and communicate results of the feature portfolio in production, all while ensuring stakeholder alignment.A day in the life…As a Senior Product Manager, You'llDrive Innovation: Foster creativity across functions and domains, encouraging experimentation and forward-thinking solutions. Plan Strategically: Orchestrate comprehensive product planning sessions, ensuring alignment across dependencies and domains. Evangelize Your Vision: Advocate for your product, influencing strategic roadmap decisions both within your domain and across organizational levels. Collaborate Seamlessly: Partner with business and technology teams to deliver impactful product solutions while ensuring responsive support. Leverage Customer Insights: Conduct research, synthesize findings, and develop a deep understanding of opportunities, incorporating market trends and competitor analysis into product roadmaps. You consistently demonstrate the following strengths…We’re Looking For Someone WhoDefines Clarity: Removes ambiguity by leveraging data, customer insights, and market trends to define product boundaries and align stakeholders. Delivers Value: Breaks down roadmaps into releasable features, writes user stories with acceptance criteria, and prioritizes features to support strategic goals. Optimizes Performance: Designs testing strategies, measurement tools, and telemetry to validate hypotheses, optimize product-market fit, and iterate based on learnings. Solves Problems: Proactively manages risks, dependencies, and incidents to ensure seamless progress and outcomes across domains. Balances Vision and Execution: Crafts a multi-year product vision aligned with company strategy while delivering iterative value in the short term. You own this if you have…Experience: Minimum 3-5 years’ experience in product management, technology, or ecommerce (retail systems integration experience preferred). Domain Expertise: Familiarity with enterprise resource planning (ERP) systems, particularly in the context of stock ledger management and retail operations. Experience with system integrations, data flows, and processes supporting inventory management, financial reconciliation, and operational efficiency is highly valued. Technical Acumen: Strong understanding of ERP system design, data architecture, and the transition from on-premises to modern, cloud-based SaaS solutions. Experience working with integrations, data transformation, and validation requirements to ensure seamless end-to-end functionality. Analytical Skills: Ability to define, measure, and analyze processes to identify improvement opportunities. Collaboration Skills: Proven ability to build relationships cross-functionally with Engineering, Business Operations, and external partners to co-define product strategy, roadmap, and execution. Communication Proficiency: Strong interpersonal, oral, and written communication skills, with the ability to communicate effectively across all levels of the organizational hierarchy. Education: Bachelor's degree in information technology, Computer Science, Data Science or related experience required. We’ve got you covered…BenefitsOur employees are our most important asset and that’s reflected in our benefits. Nordstrom is proud to offer a variety of benefits to support employees and their families, including:Medical/Vision, Dental, Retirement and Paid Time AwayLife Insurance and DisabilityMerchandise Discount and EAP ResourcesA few more important points...The job posting highlights the most critical responsibilities and requirements of the job. It’s not all-inclusive. There may be additional duties, responsibilities and qualifications for this job.Nordstrom will consider qualified applicants with criminal histories in a manner consistent with all legal requirements.Applicants with disabilities who require assistance or accommodation should contact the nearest Nordstrom location, which can be identified at www.nordstrom.com.© 2022 Nordstrom, IncCurrent Nordstrom employees: To apply, log into Workday, click the Careers button and then click Find Jobs.Pay Range DetailsThe pay range(s) below are provided in compliance with state specific laws. Pay ranges may be different in other locations.Washington: $120,500 - $220,500 AnnuallyThis position may be eligible for performance-based incentives/bonuses. Benefits include 401k, medical/vision/dental/life/disability insurance options, PTO accruals, Holidays, and more. Eligibility requirements may apply based on location, job level, classification, and length of employment. Learn more in the Nordstrom Benefits Overview by copying and pasting the following URL into your browser: https://careers.nordstrom.com/pdfs/Ben_Overview_17-19.pdf"
https://www.linkedin.com/jobs/view/technical-product-management-at-intepros-4211629340?position=19&pageNum=0&refId=oroAKXbt6%2BIIN8Fzo6qIrg%3D%3D&trackingId=BoKB4qrEcZYjZVkAsCQ0MQ%3D%3D,Technical Product Management,0.6249785,"Here are three to four bullet points explaining why this job is a potentially strong match for the candidate:

• **Strong alignment with technical skills**: The job requires experience in AI/ML applications, predictive analytics, data visualization, and cloud infrastructure (Azure), which are all mentioned in the candidate's resume. This alignment suggests that the candidate has the necessary technical expertise to excel in this role.

• **Relevant industry experience**: Although the job description doesn't explicitly mention public safety or healthcare, the candidate has experience working with these industries through their previous roles at Packsize LLC and CareJourney. This relevant industry experience could translate well to the financial services sector.

• **Product management expertise**: The job emphasizes product management skills, including defining and driving technical product strategy, prioritizing features, and managing end-to-end product lifecycle. The candidate has extensive experience in product management, as evident from their various roles and responsibilities described in their resume. This alignment suggests that the candidate is well-equipped to lead complex technology products.

• **Leadership and collaboration skills**: The job requires strong leadership and collaboration skills, which are also highlighted in the candidate's resume. Their experience leading cross-functional teams, partnering with engineering and design teams, and influencing senior leadership suggests they have the necessary soft skills to excel in this role.","Senior Product Manager – Financial Technology & Mortgage-Backed SecuritiesLocations: New York City, NY | Lake Mary, FL | Pittsburgh, PA | Washington, DCIndustry: Financial Services / Mortgage TechnologyLevel: Senior (7–10+ Years Experience)Drive Strategic Innovation at the Intersection of Finance and TechnologyAre you a seasoned Product Manager with deep experience in financial services, mortgage-backed securities, or government finance? Join a forward-thinking team where your expertise will shape large-scale, data-driven product strategies that support high-growth initiatives and industry evolution.We are seeking a Senior Product Manager to lead the vision, development, and execution of complex technology products that power key financial markets. You’ll be responsible for aligning product strategy with organizational goals, collaborating cross-functionally, and influencing senior leadership across departments.What You’ll Own Lead end-to-end product lifecycle management for large, complex data and analytics platforms.  Define and drive technical product strategy , from ideation to delivery, within a highly regulated financial landscape.  Collaborate with engineering, QA, and business units to align development with real-world customer and market needs.  Conduct discovery sessions and translate ambiguous problems into structured product roadmaps.  Develop and prioritize product requirements, user stories, and definitions of done.  Oversee product budgeting and resource allocation , ensuring initiatives are well-supported and positioned for success.  Manage and resolve conflicting stakeholder requirements while maintaining product integrity and timelines.  Partner with executives to evaluate tradeoffs between speed to market and feature depth . Day-to-Day Responsibilities Own product strategy and translate business needs into actionable product roadmaps.  Create wireframes, mockups, and user journeys using tools like Figma , Lucid , and Miro .  Use customer feedback, usage analytics, and market research to iterate product direction.  Run Agile ceremonies, including backlog grooming, sprint planning, and retrospectives.  Perform usability testing to ensure the product meets quality standards and user expectations.  Act as a subject matter expert in financial technology and mortgage-backed securities .  Work closely with internal and external stakeholders (e.g., Engineering, Operations, UAT, clients) to keep products on track. What You Bring To The Table Bachelor’s degree in Computer Science, Engineering, or a related field (or equivalent experience).  7–10+ years of product management experience, preferably in financial services or government tech .  Demonstrated expertise in Agile/Scrum methodologies and leading cross-functional teams.  Proven success managing enterprise-scale products in a regulated industry.  Excellent communication skills with the ability to influence at all levels of the organization.  Strong project management capabilities—able to juggle priorities and manage multiple timelines simultaneously.  Experience with tools such as PowerBI , SQL , JIRA , Trello , Figma , Miro , Lucid , etc. Preferred Experience Deep understanding of mortgage-backed securities and/or securitization processes Background in government settings or public sector financial initiatives  Strategic thinker with a track record of driving product innovation and growthWhy Join Us?You’ll be part of a mission-driven team building the next generation of financial tools for an evolving market. If you thrive at the crossroads of business strategy, technology, and financial regulation, we want to hear from you.Ready to make your mark? Apply today and help drive the future of financial technology."
https://www.linkedin.com/jobs/view/senior-product-manager-analytics-reporting-at-medallia-4187555546?position=4&pageNum=0&refId=oroAKXbt6%2BIIN8Fzo6qIrg%3D%3D&trackingId=zHUCP9LxsMIJSaFpX9Da7g%3D%3D,"Senior Product Manager, Analytics Reporting",0.6164008,"Based on the provided resume and job description, here are three to four bullet points explaining why this job is a potentially strong match for the candidate:

• **Technical expertise**: The candidate has significant experience with technical aspects such as AI/ML applications, predictive analytics, data visualization, API integration, and cloud-based solutions. These skills align well with the job requirement of driving the strategy, development, and growth of reporting and analytics features within Medallia's Experience Cloud application.

• **Product management expertise**: The candidate has a strong background in product management, having led strategic vision and delivered product roadmaps in previous roles. This experience is directly applicable to the Senior Product Manager role at Medallia, which involves defining and delivering new features, managing product development processes, and prioritizing product backlog.

• **Customer-centric focus**: The candidate's resume highlights their ability to understand customer needs and deliver solutions that meet those needs. This customer-centric approach aligns well with Medallia's goal of empowering organizations to deliver on their promises by providing a platform for collecting and analyzing customer feedback.

• **Scalability and leadership**: The candidate has experience leading teams and managing projects at scale, which is an important aspect of the Senior Product Manager role at Medallia. This experience will enable the candidate to effectively manage and prioritize product backlog, lead scrum teams, and collaborate with other product and engineering leaders.

Overall, the candidate's technical expertise, product management skills, customer-centric focus, and leadership abilities make them a strong fit for the Senior Product Manager role at Medallia.","OverviewMedallia is the pioneer and market leader in Experience Management. Our award-winning SaaS platform, Medallia Experience Cloud, leads the market in the management of experiences, insights, and actions for candidates, customers, employees, patients, and residents alike.We believe that every experience is a memory that can last a lifetime. Experiences shape the way people feel about a company. And they greatly influence how likely people are to advocate, contribute, and stay. At Medallia, we are committed to creating a world where organizations are loved by their customers and their employees.We empower exceptional people to create extraordinary experiences together.Bring your whole self.The Role and TeamWe are seeking an experienced Senior Product Manager to lead product innovation for the Medallia Experience Cloud application. The ideal candidate will drive the strategy, development, and growth of our reporting and analytics features, ensuring that they meet the evolving needs of our customers and partners, and maintain our competitive edge in the market.As a Senior Product Manager, you will own and define a roadmap for Medallia’s reporting and analytics features, enabling users through the power of AI to deeply understand customer and employee feedback collected across the customer journey. You will lead efforts defining the product vision and requirements for the what, why, and where of our reporting strategy within the Medallia product portfolio.Finally, you will collaborate with other product and engineering leaders to ensure products built support our vision, to empower organizations to deliver on their promises. This role is best suited for someone with a strong technical and product management background who is passionate about defining and delivering applications that enhance customer and employee experiences at scale.ResponsibilitiesDrive product strategy and delivery of the reporting and analytics features included within our core Medallia Experience Cloud application, including Text Analytics, GenAI capabilities, reporting modules and dashboards.Discover customer needs, define and deliver new features across managing product development processes, including betas, for the functionality of the feature group.Develop and document detailed product requirements, design and engineering estimates to formulate launch plans and delivery timeline.Directly manage and prioritize product backlog and scrum team for the feature group.Provide leadership and guidance to engineering teams, and partners with Engineering leads/directors to manage functionality, achieve product KPIs and guide the design and implementation of solutions.Define and own the 12+ month feature roadmap to drive priorities while taking into consideration both value creation and cost to create value.Effectively work cross-functionally and collaboratively with peers in PM, Design and Engineering to take products/features to market and drive success.Partner cross-functionally with ecosystem leads and directors to manage functionality, achieve product KPIs, and guide the design and implementation of solutions.Participate in building a company culture of best practices and shared knowledge within colleagues and communities.Collect and analyze feedback from customers, stakeholders and other teams to shape requirements, features and end products.QualificationsMinimum QualificationsBachelor's Degree in science, engineering, or related quantitative field or equivalent experience5+ years of of product management experience leading strategic vision and delivering product roadmapDemonstrated experience building, launching, and scaling enterprise-grade solutionsDemonstrated business partnership experience communicating and collaborating with customers, prospects, and/or partnersDemonstrated experience driving cross-functional company initiatives across multiple departmentsPreferred Qualifications5+ years of direct and hands-on experience bringing enterprise products to the marketThought leadership, evangelizing, and public speaking experienceOutstanding communication abilities, capable of translating complex technical concepts.Experience with Reporting, Business Intelligence, and/or Text Analytics product managementExperience with a Customer Experience Management Platform.Experience working in an agile development environment and familiarity with tools such as Productboard and Jira to write user stories and acceptance criteria in partnership with developers.Medallia is committed to equal pay and transparency. The annual base salary range for this position is $147,200 - $230,000. Please note that the salary range information provided is a general guideline and combines all of the distinct labor markets within the US. It is uncommon for an individual to be hired at or near the top of the range for their role and compensation decisions are dependent on a variety of factors. Medallia considers factors such as (but not limited to) scope and responsibilities of the position, candidate’s work experience, candidate’s work location, education/training, key skills, internal peer equity, external market data, as well as, market and business considerations when making compensation decisions.Medallia also offers competitive health and wellness benefits, including but not limited to medical, dental, vision, 401(k), short-term and long-term disability, life and AD&D insurance, statutory leaves, paid parental leave, and paid holidays. Benefits and eligibility may vary by location and role.At Medallia, we celebrate diversity and recognize the value it brings to our customers and employees. Medallia is proud to be an equal-opportunity workplace and is an affirmative-action employer. All qualified applicants will receive consideration for employment without regard to age, race, color, religion, sex, sexual orientation, gender identity, national origin, genetic information, disability, veteran status, or any other applicable status protected by state or local law. Individuals with a disability who need an accommodation to apply please contact us at ApplicantAccessibility@medallia.com. For information regarding how Medallia collects and uses personal information, please review our Privacy Policies."
https://www.linkedin.com/jobs/view/sr-product-manager-procure-to-pay-at-jobgether-4210549310?position=11&pageNum=0&refId=oroAKXbt6%2BIIN8Fzo6qIrg%3D%3D&trackingId=Q6UirMQpry5Lt5%2FBaiUvqQ%3D%3D,"Sr. Product Manager, Procure-to-Pay",0.6140081,"Here are three to four bullet points explaining why the job is a potentially strong match for the candidate:

• **Product Management Experience**: The job description requires 4+ years of experience in product management, ideally in SaaS or consumer tech. The candidate has 9+ years of experience as a Senior Product Manager, with expertise in developing business plans, presenting to leadership, and influencing business priorities.

• **SaaS and Cloud Infrastructure**: The job involves optimizing invoicing workflows and user experiences for a Procure-to-Pay product line, which requires familiarity with ERP or P2P systems like Netsuite, Oracle, Workday, Coupa, or SAP Ariba. The candidate has experience working with Microsoft Azure, Event Hubs, Snowflake, Databricks, and MongoDB, indicating strong knowledge of cloud infrastructure.

• **Cross-Functional Leadership**: The job requires collaboration with customers, internal teams, and cross-functional teams to define a strategic product roadmap and drive end-to-end execution. The candidate has demonstrated leadership skills in previous roles, including spearheading strategic transitions, leading AI-driven predictive maintenance pilots, and contributing to talent acquisition by interviewing product management candidates.

• **Technical Skills**: The job involves translating strategy into detailed product specifications and overseeing execution, which requires strong technical skills. The candidate has expertise in AI/ML applications, predictive analytics, data visualization, API integration, and cloud infrastructure, making them a strong fit for this role.

Overall, the candidate's experience in product management, SaaS and cloud infrastructure, cross-functional leadership, and technical skills make them a potentially strong match for this job.","DescriptionAbout JobgetherJobgether is a Talent Matching Platform that partners with companies worldwide to efficiently connect top talent with the right opportunities through AI-driven job matching.One of our companies is currently looking for a Sr. Product Manager, Procure-to-Pay in San Francisco.We are seeking a Senior Product Manager to lead a key vertical within a fast-scaling Procure-to-Pay product line. In this role, you'll focus on optimizing invoicing workflows and user experiences that balance intuitive design for business users with operational depth for accounts payable teams. You'll work cross-functionally to define a strategic product roadmap, gather customer insights, and drive end-to-end execution. This opportunity is ideal for someone passionate about solving complex operational problems with simple, powerful product solutions in a hybrid work setting.AccountabilitiesLead product development for the Procure-to-Pay invoicing experienceCollaborate with customers and internal teams to identify and prioritize product enhancementsDefine and own the product roadmap aligned with user needs and business goalsTranslate strategy into detailed product specifications and oversee executionRepresent AP user personas in design and feature discussionsEnsure quality rollouts and robust product launches across cross-functional teamsAct as a hands-on problem-solver across the full product lifecycleRequirements4+ years of experience in product management, ideally in SaaS or consumer techExperience shipping high-quality products in collaboration with design and engineeringFamiliarity with ERP or P2P systems such as Netsuite, Oracle, Workday, Coupa, or SAP AribaStrong understanding of accounting or finance-related workflowsExcellent written and verbal communication skillsAbility to manage competing priorities and maintain product focusKeen attention to detail and a passion for simplifying complex business processesBenefits💸 Competitive salary range: $180,000 – $210,000📈 Start-up equity🦷 Full health, dental & vision insurance🍽️ Catered lunches & dinners (onsite in SF)🚍 Commuter benefits🚠 Team-building events & happy hours🌴 Flexible PTO policy💻 Apple laptop and home office stipend💼 401(k) planJobgether Hiring Process DisclaimerThis job is posted on behalf of one of our partner companies. If you choose to apply, your application will go through our AI-powered 3-step screening process, where we automatically select the 5 best candidates.Our AI thoroughly analyzes every line of your CV and LinkedIn profile to assess your fit for the role, evaluating each experience in detail. When needed, our team may also conduct a manual review to ensure only the most relevant candidates are considered.Our process is fair, unbiased, and based solely on qualifications and relevance to the job. Only the best-matching candidates will be selected for the next round.If you are among the top 5 candidates, you will be notified within 7 days.If you do not receive feedback after 7 days, it means you were not selected. However, if you wish, we may consider your profile for other similar opportunities that better match your experience.Thank you for your interest!"
https://www.linkedin.com/jobs/view/senior-product-marketing-manager-at-nextworld%C2%AE-4178708509?position=59&pageNum=0&refId=oroAKXbt6%2BIIN8Fzo6qIrg%3D%3D&trackingId=LdgRNv5h4sRnWYrIj4dZxw%3D%3D,Senior Product Marketing Manager,0.5988463,"Here are three to four bullet points explaining why this job may be a strong match for the candidate:

• **Product Management expertise**: The job description requires experience in product marketing fundamentals, which aligns with the candidate's background as a Senior Product Manager. Their skills in product roadmapping, feature prioritization, and go-to-market strategy are directly applicable to the role.

• **Cross-functional leadership**: As a Senior Product Manager, the candidate has experience leading cross-functional teams and working with various stakeholders, including engineering, design, and program management. This aligns with the job description's requirement for collaboration with sales, product, and engineering teams.

• **Technical understanding**: The candidate has experience with AI/ML applications, predictive analytics, data visualization, API integration, and cloud infrastructure (Azure), which are relevant to the no-code enterprise application platform developed by Nextworld. This technical background can help the candidate effectively communicate with the development team and understand the product's capabilities.

• **Analytics and market research**: The job description requires conducting market research, analyzing customer personas, industry trends, and competitive landscapes. As a Senior Product Manager, the candidate has experience conducting user research, analyzing market data, and making recommendations on product strategy. This analytical mindset can be applied to the market research aspect of the role.

Overall, the candidate's background in product management, cross-functional leadership, technical understanding, and analytics makes them a strong fit for this job.","DescriptionNextworld®, named #1 “Best Place to Work” in 2020, 2021, 2022, and 2023 by the Denver Business Journal, is a high-growth software development company based in the Denver Tech Center and is looking to hire a Senior Product Marketing Manager.Nextworld builds a forward-thinking, no-code, cloud-based development and runtime platform with robust capabilities for enterprise applications.The Senior Product Marketing Manager will be responsible for helping to develop and execute Nextworld’s product marketing strategy, ensuring the successful launch and promotion of our products, and positioning them effectively to maximize customer engagement and revenue growth.This role requires a leader with a deep understanding of the Development Platforms (preferably Low Code and No Code), the ability to collaborate cross-functionally, and a proven track record in product marketing fundamentals.Responsibilities:Go-to-Market Strategy: Help to develop and execute the go-to-market strategy for Nextworld’s launches, to include new modules and updates. Positioning and Messaging: Define software positioning and value propositions that resonate with target customers. Market Research: Conduct market research to understand how customer personas, industry-specific trends, and the competitive landscape shape our positioning, product strategy, and pricing. Pricing: Conduct pricing analysis and modeling for all product lines, ensuring optimal margins. Sales Enablement: Equip sales and marketing teams with the tools, training, and information needed to effectively sell and promote products, to include demo scripts, case studies, battle cards, and other resources. RequirementsMinimum Qualifications:Bachelor’s degree in Marketing, Business, or a related field (MBA preferred), or a combination of education and equivalent work experience.7+ years’ experience in market analysis, synthesis, and making recommendations on product, pricing, placement/distribution model, and promotion to win in the chosen market segment. 3+ years’ experience in the enterprise platform space. Well-versed in pricing analysis and modeling. Exceptional written and verbal communicator, adept at simplifying complex data for diverse audiences. Highly analytical mindset with the ability to interpret data, draw insights, and optimize strategies accordingly. Demonstrated ability to work cross-functionally and collaborate effectively with sales, product, and engineering teams. Starting Salary Range:  $120,000 – $170,000 per yearAbout the Team:We build the no-code enterprise application platform (a.k.a. “EAP”) that is used by Nextworld’s customers and partners to create and run enterprise-grade business solutions. We have a knack for abstracting complex technical concepts into no-code facilities that are straightforward to use. The Platform allows for the development and execution of involved, integrated business applications — complete with workflow, business logic, eventing, external callouts, notifications, various user experiences, artificial intelligence, and more. Examples of applications suites built on the Platform are enterprise financials, sales, inventory, manufacturing, and real estate.To see more of the product, including the Platform, and many application suites built on it go to https://www.nextw.com/.Benefits of this Role:Eligible for discretionary bonus programParticipation in Nextworld’s Flexible Vacation Time (FVT) programHybrid work scheduleEligible for discretionary employee equity programCompetitive benefits plan for Medical, Dental & Vision 401(k) Plan with employer match Health Savings AccountLife Insurance$50 monthly food credits for onsite marketPosition located in Greenwood Village, CO. Nextworld's hybrid model has co-location in-office days on Tuesdays, Wednesdays, and Thursdays.EQUAL EMPLOYMENT OPPORTUNITY: Nextworld is an equal-opportunity employer committed to inclusion and diversity in the workplace. We take affirmative action to ensure equal opportunity for all applicants without regard to race, color, religion, sex, sexual orientation, gender identity or expression, or any other characteristic protected by federal, state, or local laws, national origin, disability, veteran status, or other legally protected characteristics.Nextworld participates in the E-Verify program. Learn more about the E-Verify program. https://www.e-verify.gov/Nextworld is committed to working with and providing reasonable accommodation to applicants with physical and mental disabilities.This policy applies to all terms and conditions of employment, including recruiting, hiring, placement, promotion, termination, layoff, recall, transfer, leaves of absence, compensation, and training. Nextworld makes hiring decisions based solely on qualifications, merit, and business needs at the time.Salary Description$120,000 – $170,000 per year"
https://www.linkedin.com/jobs/view/senior-product-manager-upstream-marketing-at-coloplast-4177805986?position=28&pageNum=0&refId=oroAKXbt6%2BIIN8Fzo6qIrg%3D%3D&trackingId=rJrS%2Bau0RbIzQuPSwNtMZg%3D%3D,"Senior Product Manager, Upstream Marketing",0.5948362,"Based on the provided resume and job description, here's an analysis of the candidate's expertise and qualifications:

Resume Analysis:

1. The candidate has a strong background in marketing and product development, with experience in healthcare and medical devices.
2. They have worked with various companies, including ones that have successfully developed and launched new products.
3. The candidate has excellent communication skills, both written and oral, which is evident from their job descriptions and achievements.

Job Description Analysis:

1. The required qualifications for the role are a bachelor's degree with 5+ years of relevant experience or a master's degree with 3+ years of relevant experience.
2. The ideal candidate should have at least 1 year of healthcare industry experience in marketing, business development, or sales.
3. The job description highlights the importance of strong leadership skills and ability to develop comprehensive business assessments.

Based on these analyses, here are some key takeaways:

* The candidate has a solid background in product development, marketing, and communication.
* They have demonstrated expertise in healthcare and medical devices.
* Their experience in developing new products is evident from their job descriptions.
* The candidate is well-versed in communication skills, as seen in both their resume and job descriptions.

However, it's essential to note that this analysis only focuses on the provided text. Further evaluation of the candidate's qualifications would require additional information, such as a portfolio or more specific examples of achievements.","The Senior Product Manager role is a key strategic marketing position located at our North America headquarters in Minneapolis. This role will report to the Senior Director of Business Development and Porftolio Strategy and will have global responsibility for product marketing deliverables for new products from Opportunity Assessment, through the product development process to commercial launch. The Senior Product Manager will build business cases and define project scope for new products supporting our business goals by understanding our markets, customers and competitors. They will help acheive those business goals by providing voice of business and voice of customer throughout the product development process. Major Areas of Accountability  Primary responsibilities include product development initiatives which support our marketing strategies and initiatives, providing voice of business, voice of customer and developing customer requirements through direct engagement with our customers and commercial teams.  Collaborate with R&D and downstream marketing teams to translate customer requirements into meaningful product features and negotiate trade-offs necessary to meet technical requirements. Completes functional phase review deliverables.  Monitors and manages business performance for product(s) including global revenue and margin analysis, market trends and drivers, and global forecasting for new products.  Responsible for lifecycle management including market concept, product launch readiness, product stability and end of life.  Work with the rest of the Global Upstream Marketing team to develop and execute the product roadmap strategy including identification of new products, product enhancements, and end-of-life actions.  Identify and create opportunity assessments including in-depth business case analysis, financial modeling, and strategic prioritization for new pipeline projects in alignment with strategic plans.  Define global customer needs and feature requirements for future products and assist in the development of long-range product plans.  Develop, maintain and grow relationships with our commercial teams, key customers and key opinion leaders.  Evaluate cost reduction initiatives and SKU management for product(s) and product stewardship.  Evaluate and recommend market opportunities for future product(s) in the portfolio.  Coloplast employees are required to conduct business to the highest ethical and professional standards; comply with applicable laws and regulations, the Advamed Code of Ethics on Interactions with Healthcare Professionals, and company policies.  Other duties as assigned Essential Qualifications Bachelor’s degree with 5+ years of relevant experience or a master’s degree with 3+ years of relevant experience  1+ years healthcare and/or upstream marketing experience or product development experience Knowledge, Skills And Abilities Familiarity with Voice of Customer research practices such as qualitative and quantitative studies and translation user needs to product requirements  3+ years medical device industry experience in marketing, business development or sales  Strong leadership in developing comprehensive business assessments, strategies, tactics, and solutions to drive business objectives  Financial modeling, forecasting, planning, and analytical skills  Ability to understand complex technical product information  Excellent oral and written communications  Strong interpersonal skills with the ability to influence and lead others  Strong organization and prioritization skills with the ability to manage several projects simultaneously  Ability to perform under pressure and in a dynamic environment  A high degree of initiative, motivation, and accountability for results  An ability to work with all levels of management including Senior Leadership  Ability to travel domestically and internationally to meet with customers, attend scientific conferences and evaluate new technologies with limited advanced notice  Strong computer skills in spreadsheet, presentation, and work processing software (Excel, PowerPoint, Word, etc.)  Ability to be solution oriented and problem solve to find optimal solution  Project management experience At Coloplast, we believe in recognizing and rewarding the contributions of our employees. Our total rewards package is designed to support your well-being, foster your professional growth, and ensure a healthy work-life balance. Here is some of what you can expect Health and Wellness Comprehensive medical, dental, and vision insurance plans to keep you and your family healthy. Plus, access to company sponsored wellness programs and mental health resources, paid leave of absence for qualifying events and generous paid parental leave for both birthing and non-birthing parents.  Financial Security A competitive 401(k) plan with company match that vest immediately, financial planning services to help you secure your future, and corporate discount programs for goods and services.  Work-Life Balance Generous paid time off, flexible work hours, and flexible work arrangement options to help you balance your personal and professional life may be available.  Professional Development Opportunities for continuous learning and career advancement through training programs, mentorship, and tuition reimbursement.  Recognition and Rewards Recognition programs to celebrate achievements and contributions, including peer recognition, bonuses, awards, and special events.  Community and Culture A supportive and inclusive work environment where everyone feels valued, and diversity is celebrated. Participate in team-building activities, volunteer opportunities, and company-sponsored events. Employee Resource Groups that support Women, Minorities, Veterans and LGBTQ+ Community. Sustainability strategy that outlines our ambitions for how to run our company in a more sustainable way.  Competitive Compensation The compensation range for this position is $140,000 - $160,000. Actual compensation is influenced by a variety of factors including but not limited to skills, experience, qualifications, and geographic location. Hired candidates may be eligible to receive additional compensation in the form of bonuses and/or incentives. Pursuing an ambitious growth agenda, Coloplast develops and markets products and services that make life easier for people with intimate healthcare needs. Employing about 16,000 people and with products available in more than 143 countries, we are one of the world ´ s leading medical device companies. We are constantly growing our business and always looking for new ways to move forward – we explore, learn and look for new ways of doing things.Visit us on Coloplast.com .Watch the film. Follow us on LinkedIn . Like us on Facebook .Coloplast employees are required to conduct business to the highest ethical and professional standards; comply with applicable laws and regulations, the Advamed Code of Ethics on Interactions with Healthcare Professionals, and company policies.Coloplast is committed to a policy of Equal Employment Opportunity (EEO) which means we employ and promote individuals based on their merits, regardless of race, color, religion, sex, national origin, age, disability, veteran status, pregnancy, sexual orientation, gender identity or expression, genetic information, marital status, citizenship status, status with regards to public assistance or any other protected classification.58664"
https://www.linkedin.com/jobs/view/sr-product-marketing-manager-it-at-netgear-4148161142?position=47&pageNum=0&refId=oroAKXbt6%2BIIN8Fzo6qIrg%3D%3D&trackingId=QRz4UG8nIl9GHEcSt7nQ7g%3D%3D,"Sr. Product Marketing Manager, IT",0.59278125,"Here are three-four bullet points explaining why this job is a potentially strong match for the candidate:

• **Technical expertise**: The candidate has experience with AI/ML applications, predictive analytics, and data visualization, which aligns with the requirement of having ""a deep understanding of the technological landscape"" in the Senior Product Marketing Manager role.

• **Product management skills**: As a senior product manager, the candidate has likely developed strong product roadmapping, feature prioritization, and go-to-market strategy skills. These skills are directly applicable to the Senior Product Marketing Manager role, where the candidate will be responsible for designing and implementing effective go-to-market strategies.

• **Leadership and collaboration experience**: The candidate has leadership experience as a senior product manager, having led cross-functional teams and partnering with engineering, design, and program management teams. This experience will be valuable in the Senior Product Marketing Manager role, where the candidate will need to work closely with cross-functional teams to ensure alignment and successful execution.

• **Marketing expertise**: Although not explicitly stated in the resume, the candidate's experience in creating content, developing dashboards, and conducting market research suggests that they may have some marketing skills. This can be an asset in the Senior Product Marketing Manager role, where the candidate will need to develop high-quality content for various marketing channels.

Note: These points focus on the most significant overlapping skills, experiences, or responsibilities between the job description and the resume, rather than attempting to cover every aspect of both.","NETGEAR Business is seeking a Senior Product Marketing Manager, IT, to join our team. As a leader for over 25 years in the networking industry, we are committed to driving excellence and delivering exceptional products that delight our customers. Our ideal candidate is a seasoned professional with a proven track record in business networking.This Senior Product Marketing Manager role involves not only strategic oversight but also a deep understanding of the technological landscape. This position requires a dynamic individual who can bridge the gap between technical product features and market solutions. The Senior Product Marketing Manager plays a crucial role in shaping the product's market perception, driving adoption, and ultimately contributing to the overall growth and success of the company. This Senior Product Marketing Manager will be responsible the creation of content for the IT solutions market, targeted at end users and channel partners. This is a hybrid role, expected to be onsite 3 days a week in our San Jose HQ.ResponsibilitiesMarket Analysis and Research Conduct comprehensive market analysis to identify trends, opportunities, and competitive landscape. Develop actionable insights and recommendations based on market research.Go-to-Market StrategyDesign and implement effective go-to-market strategies to drive product launch and growth. Collaborate with cross-functional teams to ensure alignment and successful execution. Product Positioning and MessagingCreate compelling product positioning and messaging that resonates with target audiences. Ensure consistency across all marketing channels, regions, and materials. Content CreationDevelop high-quality content for various marketing channels, including website, social media, and email campaigns. Ensure content aligns with brand guidelines and marketing objectives. Sales Enablement Develop and deliver sales enablement tools and materials to support the sales team.Cross-Functional Collaboration Work closely with product line management, sales, and other relevant teams to align marketing efforts with business goals. Facilitate effective communication and collaboration across departments. Customer Insights Gather and analyze customer feedback to inform product development and marketing strategies. Utilize insights to improve customer satisfaction and enhance product offerings. Campaign Management Plan, execute, and optimize marketing campaigns to drive brand awareness and lead generation. Measure and analyze campaign performance to identify areas for improvement. Performance TrackingMonitor and report on key performance metrics to evaluate the effectiveness of marketing efforts. Utilize data-driven insights to optimize marketing strategies and achieve objectives. Thought Leadership Establish and maintain thought leadership within the industry through content, speaking engagements, and networking. Stay current with industry trends and best practices to inform marketing strategies. QualificationsBachelor’s degree in Marketing, Business, or related field; MBA preferred. Minimum of 7 years of experience in Product Marketing in the IT market. Experience working for a leading business networking company is highly required. Proven track record of successfully launching and marketing IT solutions. Excellent writing, communication, presentation, and analytical skills. Ability to travel up to 10%. Self-motivated, results-oriented, and able to work in a fast-paced environment. Company Statement/ValuesAt NETGEAR, we are on a mission to unleash the full potential of connectivity with intelligent solutions that delight and protect. We turn ideas into innovative networking products that connect people, power businesses, and advance the way we live.We're a performance-driven, talented and connected team that's committed to delivering world-class products for our customers. As a company, we value our employees as the most essential building blocks of our success. And as teammates, we commit to taking our work to the Next Gear by living our values: we Dare to Transform the future, Connect and Delight our customers, Communicate Courageously with each other and collaborate to Win It Together. You’ll find our values woven through our processes, present in our decisions, and celebrated throughout our culture.We strive to attract top talent and create a great workplace where people feel engaged, inspired, challenged, proud and respected. If you are creative, forward-thinking, passionate about technology and are looking for a rewarding career to make an impact, then you've got what it takes to succeed at NETGEAR. Join our network and help us shape the future of connectivity.NETGEAR hires based on merit. All qualified applicants will receive equal consideration for employment. All your information will be kept confidential according to EEO guidelines."
https://www.linkedin.com/jobs/view/technical-product-management-at-intepros-4211631286?position=16&pageNum=0&refId=oroAKXbt6%2BIIN8Fzo6qIrg%3D%3D&trackingId=ch5oqxrKkQMQ%2BkQYQYma9Q%3D%3D,Technical Product Management,0.5855208,"Here are three to four bullet points explaining why this job is a potentially strong match for the candidate described in the resume:

• **Technical Product Management Experience**: The job description mentions that the ideal candidate has 3-5+ years of technical product management experience, which aligns with Max Locher's experience as a Senior Product Manager. His background in managing data infrastructure products, leading AI-driven predictive maintenance pilots, and architecting enterprise reporting platforms showcases his ability to drive technical product strategies.

• **Data Analytics Expertise**: As the job description focuses on data-driven technology products, Max Locher's expertise in analytics (Matomo, Pendo, A/B Testing) and cloud infrastructure (Azure) could be highly valuable. His experience in developing business plans, presenting to leadership, and influencing business priorities demonstrates his ability to drive strategic product roadmaps.

• **Cross-Functional Leadership**: The job description emphasizes the importance of collaboration across departments, which is an area where Max Locher excels. He has experience leading AI-driven predictive maintenance pilots, partnering with engineering, design, and program management teams, and conducting trade-off conversations with Director and C-level executives.

• **Strategic Planning and Communication**: Max Locher's experience in developing business plans, presenting to leadership, and influencing business priorities suggests that he is well-equipped to communicate complex technical topics clearly to both technical and non-technical stakeholders. This skillset aligns with the job description's emphasis on exceptional communication skills and the ability to present to executives and guide decision-making.

Overall, Max Locher's experience in technical product management, data analytics, cross-functional leadership, and strategic planning makes him a strong candidate for this role.","Now Hiring: Technical Product Manager (Data & Analytics Products)Locations: Pittsburgh, PA | Lake Mary, FL | Washington, DC | New York City, NYIndustry: Financial Services / Government TechnologyExperience Level: Mid to Senior-Level (3–5+ Years)Join Us to Lead Innovation at ScaleAre you a strategic thinker with a passion for driving technology products that make a measurable impact? We're seeking a Technical Product Manager to lead development and strategy for high-growth, data-driven technology products. In this role, you’ll work on large-scale initiatives at the intersection of data, analytics, and enterprise technology—guiding cross-functional teams and influencing senior stakeholders to deliver transformative solutions.What You’ll Do (Day-to-Day Responsibilities) Lead the overall technical product strategy and development for enterprise-level data and analytics solutions.  Drive discovery and refinement sessions to translate business problems into scalable product solutions.  Collaborate across departments—engineering, operations, UAT, and business—to align product strategy with company goals.  Manage budgeting and resource allocation for your product initiatives.  Define product requirements, acceptance criteria , and prioritize features based on user research, business impact, and technical feasibility.  Create low-to-high fidelity product wireframes/designs using tools like Figma, Lucid, or Miro.  Conduct usability testing and ensure product quality from concept through launch.  Serve as a subject matter expert for your product and gain deep insight into the mortgage-backed securities industry.  Communicate complex technical topics clearly to both technical and non-technical stakeholders. What You Bring Bachelor’s degree in Computer Science, Engineering, or a related technical field—or equivalent work experience.  3–5+ years of technical product management experience delivering large-scale solutions.  Strong understanding of Agile/Scrum development processes.  Ability to manage multiple projects and navigate conflicting stakeholder requirements .  Exceptional communication skills with experience presenting to executives and guiding decision-making.  Demonstrated success working with engineering, QA, and UAT teams to analyze and validate functionality. Required Skills Product discovery & backlog refinement  Wireframing / low-fidelity design (Figma, Lucid, Miro)  Roadmap prioritization  Requirements gathering & user story development  Acceptance criteria definition  Stakeholder engagement & negotiation  Product usability testing  Jira / Trello / SQL proficiency Preferred Skills Experience in financial services , government, or securitization domains  Familiarity with PowerBI , Figma, Lucid, and Miro  Understanding of mortgage-backed securities and securitization workflows  Exposure to government tech initiativesWhy Join Us?You’ll be part of a collaborative, forward-thinking team that values innovation and accountability. If you're ready to bring your technical expertise and strategic mindset to a dynamic environment where your voice is heard and your work drives change, we want to hear from you.Apply Now and help shape the future of data-driven technology."
https://www.linkedin.com/jobs/view/senior-marketing-product-manager-152440-1-at-lucid-consulting-group-4215164738?position=49&pageNum=0&refId=oroAKXbt6%2BIIN8Fzo6qIrg%3D%3D&trackingId=N%2BKvqNrFWgn87WVNdO6QEg%3D%3D,Senior Marketing Product Manager - 152440-1,0.58278227,"Here are three-four bullet points explaining why this job might be a strong match for the candidate described in the resume:

• **Go-to-Market Strategy Expertise**: The job description emphasizes the need for someone who can drive clarity of complex problems, organize information and timelines, and communicate with multiple stakeholders. The candidate has experience developing and maintaining insightful dashboards that translated complex healthcare data into accessible intelligence, which demonstrates their ability to distill complex information and present it in a clear manner.

• **Project Management Skills**: The job requires someone who can manage project timelines, identify key deliverable dates, cross-functional dependencies, and flag project risks and blockers. The candidate has experience leading data migration initiatives, integrating analytics tools, and orchestrating UX design strategies, which showcases their ability to plan and execute projects effectively.

• **Cross-Functional Leadership**: The job description highlights the importance of building internal relationships and identifying go-to-persons from each function. The candidate has experience partnering with engineering, design, and program management teams, ensuring alignment and on-time delivery of high-priority analytics products. This demonstrates their ability to work effectively across functions and lead teams.

• **Technical Familiarity**: Although not explicitly stated in the job description, the candidate's technical skills, such as AI/ML applications, predictive analytics, data visualization, and cloud infrastructure (Azure), may be transferable to this role. The job requires someone who is comfortable working with rapidly changing requirements, which suggests that technical expertise could be an asset.

Overall, the candidate's experience in developing go-to-market strategies, managing projects, leading cross-functional teams, and leveraging technical skills makes them a strong match for this Senior Marketing Product Manager position.","About The Job Senior Marketing Product Manager - 152440-1ob Title: Senior Marketing Product Manager - 152440-1Location: Fully remoteSchedule: M-F, 40 HRDuration/Start Date: 4/28/2025 - 6/30/2025Salary: $65.31/hourly Candidates with previous experience working at Microsoft Corporation, either as a full-time employee (FTE) or contractor, are strongly preferred. SummaryThe Xbox Platform and Subscriptions marketing team (home to Game Pass) is responsible for driving growth, engagement and monetization across the Xbox ecosystem. We are looking for a Sr. Marketing Project Manager to support global go-to-market initiatives for Game Pass. This role provides an incredible opportunity to partner closely with a wide range of cross-functional teams across Xbox to align and execute go-to-market plans and is a great opportunity for someone who loves a fast-paced, ambiguous environment where each day offers a range of new challenges and opportunities. The ideal person enjoys driving clarity of complex problems, organizing information and timelines, and communicating with many stakeholders in a constantly evolving environment. A clear track record of delivering successful go-to-market plans is strongly preferred.ResponsibilitiesSupport global go-to-market (GTM) v-teams to land product news and drive demand across Xbox owned and operated, earned and paid channelsOwn the GTM project management elements to keep teams on track, including driving the project status trackers, facilitating collection of regular updates from teams and helping facilitate weekly meetings and follow-upsManage project timelines by identifying key deliverable dates, cross-functional dependencies, and flagging project risks and blockersManage the collection, distribution, and maintenance of product assets and copyAssist with executive communications, including creating presentation decks for ongoing leadership reviewsSupport retail strategy and go-to-market motions for Game PassOwn approval process for partners who request subscription trial codesBest Vs AverageIm looking for a Sr. Marketing Project Manager to help support some of our Game Pass go to market programs. Theres a strong preference to find someone with Xbox GTM experience (who may know processes / stakeholders) to shorten their ramp time, but not an absolute requirement.QualificationsBachelors Degree or higher7+ years of marketing or project management experienceXbox GTM Experience Strongly PreferredComfort working in fast-paced and ambiguous environments with rapidly changing requirementsAbility to communicate clearly and effectively with multiple stakeholdersExcellent project management experience, demonstrated by strong organization, attention to detail, and time management skillsAbility to build internal relationships and identify who the go-to-person is from each functionSelf-starter and team-player mindsetInterest in gaming and subscription services"
https://www.linkedin.com/jobs/view/senior-product-manager-fees-na-seller-success-at-amazon-4201310224?position=35&pageNum=0&refId=oroAKXbt6%2BIIN8Fzo6qIrg%3D%3D&trackingId=IBDttK54aOUY5QhhZLOq%2BA%3D%3D,"Senior Product Manager, Fees , NA Seller Success",0.56409633,"Based on the provided resume and job description, here are three to four bullet points explaining why this job is a potentially strong match for the candidate:

• **Data-driven decision making**: The job requires leading strategic initiatives to develop and optimize fee structures, which aligns with the candidate's experience in data visualization, predictive analytics, and performance metrics. As a Senior Product Manager at CareJourney, they developed insightful dashboards that translated complex healthcare data into accessible intelligence for stakeholders.

• **Cross-functional leadership**: The role demands building and managing cross-functional relationships across Business, Finance, Tech, Operations, and Product teams, which is consistent with the candidate's experience in orchestrating UX design strategy for multiple projects, conducting extensive field research, and presenting to leadership. As a Senior Product Manager at Packsize LLC, they led AI-driven predictive maintenance pilots and championed voice-of-customer methodologies.

• **Strategic thinking and operational excellence**: The job requires owning the development and execution of fee strategy proposals and roadmaps, which aligns with the candidate's experience in defining multi-year product roadmaps and go-to-market strategies. As a Senior Product Manager at CareJourney, they partnered with engineering, design, and program management teams to ensure alignment and on-time delivery of high-priority analytics products.

• **Analytical skills**: The job requires synthesizing complex data sets, market trends, and seller feedback to shape the future of fee strategies, which aligns with the candidate's experience in developing business plans, presenting to leadership, and significantly influencing business priorities.","DescriptionWe're seeking an experienced Senior Product Manager to join our NA Seller Success team. This role will manage initiatives that the impact end-to-end fees experience for third-party sellers in the Amazon store. As the Senior Product Manager for Fees, you'll own the comprehensive fee strategy and recommendations across multiple service categories, ensuring our pricing frameworks balance marketplace growth, seller success, and Amazon's business objectives. This role requires you to synthesize complex data sets, market trends, and seller feedback to shape the future of our fee strategies. You'll work closely with executive leadership to drive strategic decisions. The position demands a blend of strategic thinking and operational excellence, as you'll be responsible for both long-term strategy development and day-to-day product management. You'll need to navigate a complex stakeholder landscape, working with teams across Business, seller-facing teams, Finance, Tech, Operations, and Product to deliver cohesive solutions that scale across the NA marketplace.Success in this role requires not only strong analytical and business acumen but also the ability to influence and drive change across organizational boundaries. You'll be expected to build and maintain strong relationships with senior leadership while staying connected to the practical realities of our seller community.Key job responsibilities Lead strategic initiatives to develop and optimize fee structures Drive data-informed decision making through partnership with economists, data scientists, and analysts Own the development and execution of fee strategy proposals and roadmaps Build and manage cross-functional relationships across Business, Finance, Tech, and Operations teams Present recommendations and lead reviews with executive leadership Develop frameworks for measuring seller economics and fee impact Create and implement processes for data collection and analysisBasic Qualifications 5+ years of product or program management, product marketing, business development or technology experience Bachelor's degree or equivalent Experience owning/driving roadmap strategy and definition Experience with end to end product delivery Experience with feature delivery and tradeoffs of a product Experience as a product manager or owner Experience owning technology productsPreferred Qualifications Experience in influencing senior leadership through data driven insights Experience working across functional teams and senior stakeholdersAmazon is an equal opportunity employer and does not discriminate on the basis of protected veteran status, disability, or other legally protected status.Our inclusive culture empowers Amazonians to deliver the best results for our customers. If you have a disability and need a workplace accommodation or adjustment during the application and hiring process, including support for the interview or onboarding process, please visit https://amazon.jobs/content/en/how-we-hire/accommodations for more information. If the country/region you’re applying in isn’t listed, please contact your Recruiting Partner.Our compensation reflects the cost of labor across several US geographic markets. The base pay for this position ranges from $124,500/year in our lowest geographic market up to $206,000/year in our highest geographic market. Pay is based on a number of factors including market location and may vary depending on job-related knowledge, skills, and experience. Amazon is a total compensation company. Dependent on the position offered, equity, sign-on payments, and other forms of compensation may be provided as part of a total compensation package, in addition to a full range of medical, financial, and/or other benefits. For more information, please visit https://www.aboutamazon.com/workplace/employee-benefits. This position will remain posted until filled. Applicants should apply via our internal or external career site.Company - Amazon.com Services LLCJob ID: A2892607"
